#Release 14.3 - par P.40xd (nt64)
#Copyright (c) 1995-2012 Xilinx, Inc.  All rights reserved.

#Mon Jan 13 21:48:36 2014

#
## NOTE: This file is designed to be imported into a spreadsheet program
# such as Microsoft Excel for viewing, printing and sorting. The |
# character is used as the data field separator. This file is also designed
# to support parsing.
#
#INPUT FILE:       main_map.ncd
#OUTPUT FILE:      main_pad.csv
#PART TYPE:        xc6slx45
#SPEED GRADE:      -3
#PACKAGE:          csg484
#
# Pinout by Pin Number:
# 
# -----,-----,-----,-----,-----,-----,-----,-----,-----,-----,-----,-----,-----,-----,-----,
Pin Number,Signal Name,Pin Usage,Pin Name,Direction,IO Standard,IO Bank Number,Drive (mA),Slew Rate,Termination,IOB Delay,Voltage,Constraint,IO Register,Signal Integrity,
A1,,,GND,,,,,,,,,,,,
A2,,IOBS,IO_L83N_VREF_3,VREF Required,,3,,,,,0.90,,,,
A3,,IOBM,IO_L83P_3,UNUSED,,3,,,,,,,,,
A4,,IOBS,IO_L1N_VREF_0,UNUSED,,0,,,,,,,,,
A5,ep_io<7>,IOB,IO_L2N_0,OUTPUT,LVCMOS33,0,12,SLOW,,,,LOCATED,NO,NONE,
A6,ep_io<6>,IOB,IO_L4N_0,OUTPUT,LVCMOS33,0,12,SLOW,,,,LOCATED,NO,NONE,
A7,ep_io<5>,IOB,IO_L5N_0,OUTPUT,LVCMOS33,0,12,SLOW,,,,LOCATED,NO,NONE,
A8,ep_io<4>,IOB,IO_L6N_0,OUTPUT,LVCMOS33,0,12,SLOW,,,,LOCATED,NO,NONE,
A9,,IOBS,IO_L8N_VREF_0,UNUSED,,0,,,,,,,,,
A10,cpu_dbus<4>,IOB,IO_L34N_GCLK18_0,BIDIR,LVCMOS33,0,12,SLOW,,NONE,,LOCATED,NO,NONE,
A11,,IOBS,IO_L35N_GCLK16_0,UNUSED,,0,,,,,,,,,
A12,,IOBS,IO_L36N_GCLK14_0,UNUSED,,0,,,,,,,,,
A13,ep_io<3>,IOB,IO_L48N_0,OUTPUT,LVCMOS33,0,12,SLOW,,,,LOCATED,NO,NONE,
A14,ep_io<2>,IOB,IO_L50N_0,OUTPUT,LVCMOS33,0,12,SLOW,,,,LOCATED,NO,NONE,
A15,ep_io<1>,IOB,IO_L62N_VREF_0,OUTPUT,LVCMOS33,0,12,SLOW,,,,LOCATED,NO,NONE,
A16,ep_io<0>,IOB,IO_L63N_SCP6_0,OUTPUT,LVCMOS33,0,12,SLOW,,,,LOCATED,NO,NONE,
A17,,IOBS,IO_L64N_SCP4_0,UNUSED,,0,,,,,,,,,
A18,cpu_dbus<1>,IOB,IO_L66N_SCP0_0,BIDIR,LVCMOS33,0,12,SLOW,,NONE,,LOCATED,NO,NONE,
A19,rf1_txd<7>,IOB,IO_L16P_1,OUTPUT,LVCMOS33,1,12,SLOW,,,,LOCATED,NO,NONE,
A20,rf1_txd<6>,IOB,IO_L16N_1,OUTPUT,LVCMOS33,1,12,SLOW,,,,LOCATED,NO,NONE,
A21,rf1_txd<10>,IOB,IO_L14N_1,OUTPUT,LVCMOS33,1,12,SLOW,,,,LOCATED,NO,NONE,
A22,,,GND,,,,,,,,,,,,
AA1,,,PROGRAM_B_2,,,,,,,,,,,,
AA2,,IOBM,IO_L1P_3,UNUSED,,3,,,,,,,,,
AA3,,,VCCO_3,,,3,,,,,1.80,,,,
AA4,,IOBM,IO_L12P_3,UNUSED,,3,,,,,,,,,
AA5,,,GND,,,,,,,,,,,,
AA6,,IOBM,IO_L64P_D8_2,UNUSED,,2,,,,,,,,,
AA7,,,VCCO_2,,,2,,,,,1.80,,,,
AA8,,IOBM,IO_L49P_D3_2,UNUSED,,2,,,,,,,,,
AA9,,,GND,,,,,,,,,,,,
AA10,fx3_clk,IOB,IO_L32P_GCLK29_2,OUTPUT,LVCMOS18,2,12,SLOW,,,,LOCATED,YES,NONE,
AA11,,,VCCO_2,,,2,,,,,1.80,,,,
AA12,fx3_data<12>,IOB,IO_L30P_GCLK1_D13_2,TRISTATE,LVCMOS18,2,12,SLOW,,,,LOCATED,NO,NONE,
AA13,,,GND,,,,,,,,,,,,
AA14,fx3_nSlRd,IOB,IO_L15P_2,OUTPUT,LVCMOS18,2,12,SLOW,,,,LOCATED,NO,NONE,
AA15,,,VCCO_2,,,2,,,,,1.80,,,,
AA16,fx3_data<1>,IOB,IO_L4P_2,TRISTATE,LVCMOS18,2,12,SLOW,,,,LOCATED,NO,NONE,
AA17,,,GND,,,,,,,,,,,,
AA18,fx3_data<0>,IOB,IO_L2P_CMPCLK_2,TRISTATE,LVCMOS18,2,12,SLOW,,,,LOCATED,NO,NONE,
AA19,,,VCCO_1,,,1,,,,,3.30,,,,
AA20,,IOBM,IO_L61P_1,UNUSED,,1,,,,,,,,,
AA21,rf2_rxen,IOB,IO_L63P_1,OUTPUT,LVCMOS33,1,12,SLOW,,,,LOCATED,NO,NONE,
AA22,rf2_rxclk,IOB,IO_L63N_1,OUTPUT,LVCMOS33,1,12,SLOW,,,,LOCATED,YES,NONE,
AB1,,,GND,,,,,,,,,,,,
AB2,,IOBS,IO_L1N_VREF_3,VREF Required,,3,,,,,0.90,,,,
AB3,,IOBS,IO_L8N_3,UNUSED,,3,,,,,,,,,
AB4,,IOBS,IO_L12N_3,UNUSED,,3,,,,,,,,,
AB5,,IOBS,IO_L65N_CSO_B_2,UNUSED,,2,,,,,,,,,
AB6,fx3_flagD,IOB,IO_L64N_D9_2,INPUT,LVCMOS18,2,,,,NONE,,LOCATED,NO,NONE,
AB7,fx3_flagA,IOB,IO_L63N_2,INPUT,LVCMOS18,2,,,,NONE,,LOCATED,NO,NONE,
AB8,fx3_data<31>,IOB,IO_L49N_D4_2,TRISTATE,LVCMOS18,2,12,SLOW,,,,LOCATED,NO,NONE,
AB9,fx3_data<24>,IOB,IO_L48N_RDWR_B_VREF_2,TRISTATE,LVCMOS18,2,12,SLOW,,,,LOCATED,NO,NONE,
AB10,fx3_data<19>,IOB,IO_L32N_GCLK28_2,TRISTATE,LVCMOS18,2,12,SLOW,,,,LOCATED,NO,NONE,
AB11,fx3_nSlWr,IOB,IO_L31N_GCLK30_D15_2,OUTPUT,LVCMOS18,2,12,SLOW,,,,LOCATED,NO,NONE,
AB12,fx3_data<18>,IOB,IO_L30N_GCLK0_USERCCLK_2,TRISTATE,LVCMOS18,2,12,SLOW,,,,LOCATED,NO,NONE,
AB13,fx3_data<20>,IOB,IO_L41N_VREF_2,TRISTATE,LVCMOS18,2,12,SLOW,,,,LOCATED,NO,NONE,
AB14,fx3_nSlcs,IOB,IO_L15N_2,OUTPUT,LVCMOS18,2,12,SLOW,,,,LOCATED,NO,NONE,
AB15,fx3_flagC,IOB,IO_L5N_2,INPUT,LVCMOS18,2,,,,NONE,,LOCATED,NO,NONE,
AB16,fx3_data<14>,IOB,IO_L4N_VREF_2,TRISTATE,LVCMOS18,2,12,SLOW,,,,LOCATED,NO,NONE,
AB17,fx3_flagB,IOB,IO_L3N_MOSI_CSI_B_MISO0_2,INPUT,LVCMOS18,2,,,,NONE,,LOCATED,NO,NONE,
AB18,fx3_data<13>,IOB,IO_L2N_CMPMOSI_2,TRISTATE,LVCMOS18,2,12,SLOW,,,,LOCATED,NO,NONE,
AB19,rf1_txclk,IOB,IO_L65P_1,OUTPUT,LVCMOS33,1,12,SLOW,,,,LOCATED,YES,NONE,
AB20,rf1_rxen,IOB,IO_L65N_1,OUTPUT,LVCMOS33,1,12,SLOW,,,,LOCATED,NO,NONE,
AB21,rf2_txiqsel,IOB,IO_L61N_1,OUTPUT,LVCMOS33,1,12,SLOW,,,,LOCATED,NO,NONE,
AB22,,,GND,,,,,,,,,,,,
B1,mcb3_dram_a<11>,IOB,IO_L54N_M3A11_3,TRISTATE,SSTL18_II,3,,,,,,LOCATED,NO,NONE,
B2,,IOBM,IO_L54P_M3RESET_3,UNUSED,,3,,,,,,,,,
B3,,IOBM,IO_L1P_HSWAPEN_0,UNUSED,,0,,,,,,,,,
B4,,,VCCO_0,,,0,,,,,3.30,,,,
B5,,,GND,,,,,,,,,,,,
B6,cpu_astrobe,IOB,IO_L4P_0,INPUT,LVCMOS33,0,,,,NONE,,LOCATED,NO,NONE,
B7,,,VCCO_0,,,0,,,,,3.30,,,,
B8,,IOBM,IO_L6P_0,UNUSED,,0,,,,,,,,,
B9,,,GND,,,,,,,,,,,,
B10,,IOBM,IO_L34P_GCLK19_0,UNUSED,,0,,,,,,,,,
B11,,,VCCO_0,,,0,,,,,3.30,,,,
B12,cpu_clock,IOB,IO_L36P_GCLK15_0,INPUT,LVCMOS33,0,,,,NONE,,LOCATED,NO,NONE,
B13,,,GND,,,,,,,,,,,,
B14,,IOBM,IO_L50P_0,UNUSED,,0,,,,,,,,,
B15,,,VCCO_0,,,0,,,,,3.30,,,,
B16,,IOBM,IO_L63P_SCP7_0,UNUSED,,0,,,,,,,,,
B17,,,GND,,,,,,,,,,,,
B18,,IOBM,IO_L66P_SCP1_0,UNUSED,,0,,,,,,,,,
B19,,,VCCO_1,,,1,,,,,3.30,,,,
B20,rf1_txd<11>,IOB,IO_L14P_1,OUTPUT,LVCMOS33,1,12,SLOW,,,,LOCATED,NO,NONE,
B21,rf2_txd<5>,IOB,IO_L37P_A7_M1A0_1,OUTPUT,LVCMOS33,1,12,SLOW,,,,LOCATED,NO,NONE,
B22,rf2_txd<6>,IOB,IO_L37N_A6_M1A1_1,OUTPUT,LVCMOS33,1,12,SLOW,,,,LOCATED,NO,NONE,
C1,mcb3_dram_a<9>,IOB,IO_L52N_M3A9_3,TRISTATE,SSTL18_II,3,,,,,,LOCATED,NO,NONE,
C2,,,VCCO_3,,,3,,,,,1.80,,,,
C3,mcb3_dram_a<8>,IOB,IO_L52P_M3A8_3,TRISTATE,SSTL18_II,3,,,,,,LOCATED,NO,NONE,
C4,,IOBM,IO_L81P_3,UNUSED,,3,,,,,,,,,
C5,cpu_wstrobe,IOB,IO_L2P_0,INPUT,LVCMOS33,0,,,,NONE,,LOCATED,NO,NONE,
C6,cpu_dbus<7>,IOB,IO_L3N_0,BIDIR,LVCMOS33,0,12,SLOW,,NONE,,LOCATED,NO,NONE,
C7,,IOBM,IO_L5P_0,UNUSED,,0,,,,,,,,,
C8,cpu_dbus<6>,IOB,IO_L7N_0,BIDIR,LVCMOS33,0,12,SLOW,,NONE,,LOCATED,NO,NONE,
C9,cpu_interrupt,IOB,IO_L8P_0,OUTPUT,LVCMOS33,0,12,SLOW,,,,LOCATED,NO,NONE,
C10,,IOBS,IO_L33N_0,UNUSED,,0,,,,,,,,,
C11,cpu_rstrobe,IOB,IO_L35P_GCLK17_0,INPUT,LVCMOS33,0,,,,NONE,,LOCATED,NO,NONE,
C12,cpu_dbus<3>,IOB,IO_L37N_GCLK12_0,BIDIR,LVCMOS33,0,12,SLOW,,NONE,,LOCATED,NO,NONE,
C13,,IOBM,IO_L48P_0,UNUSED,,0,,,,,,,,,
C14,cpu_dbus<2>,IOB,IO_L46N_0,BIDIR,LVCMOS33,0,12,SLOW,,NONE,,LOCATED,NO,NONE,
C15,,IOBM,IO_L62P_0,UNUSED,,0,,,,,,,,,
C16,,IOBS,IO_L65N_SCP2_0,UNUSED,,0,,,,,,,,,
C17,cpu_dbus<0>,IOB,IO_L64P_SCP5_0,BIDIR,LVCMOS33,0,12,SLOW,,NONE,,LOCATED,NO,NONE,
C18,rf1_rxd<8>,IOB,IO_L12P_1,INPUT,LVCMOS33,1,,,,NONE,,LOCATED,NO,NONE,
C19,rf1_rxd<9>,IOB,IO_L12N_1,INPUT,LVCMOS33,1,,,,NONE,,LOCATED,NO,NONE,
C20,rf2_txd<1>,IOB,IO_L35P_A11_M1A7_1,OUTPUT,LVCMOS33,1,12,SLOW,,,,LOCATED,NO,NONE,
C21,,,VCCO_1,,,1,,,,,3.30,,,,
C22,rf2_txd<2>,IOB,IO_L35N_A10_M1A2_1,OUTPUT,LVCMOS33,1,12,SLOW,,,,LOCATED,NO,NONE,
D1,mcb3_dram_ba<2>,IOB,IO_L50N_M3BA2_3,TRISTATE,SSTL18_II,3,,,,,,LOCATED,NO,NONE,
D2,mcb3_dram_we_n,IOB,IO_L50P_M3WE_3,TRISTATE,SSTL18_II,3,,,,,,LOCATED,NO,NONE,
D3,,IOBS,IO_L81N_3,UNUSED,,3,,,,,,,,,
D4,,,GND,,,,,,,,,,,,
D5,,IOBS,IO_L82N_3,UNUSED,,3,,,,,,,,,
D6,,IOBM,IO_L3P_0,UNUSED,,0,,,,,,,,,
D7,,IOBM,IO_L7P_0,UNUSED,,0,,,,,,,,,
D8,cpu_dbus<5>,IOB,IO_L32N_0,BIDIR,LVCMOS33,0,12,SLOW,,NONE,,LOCATED,NO,NONE,
D9,,IOBM,IO_L32P_0,UNUSED,,0,,,,,,,,,
D10,cpu_reset,IOB,IO_L33P_0,INPUT,LVCMOS33,0,,,,NONE,,LOCATED,NO,NONE,
D11,,IOBM,IO_L37P_GCLK13_0,UNUSED,,0,,,,,,,,,
D12,,,NC,,,,,,,,,,,,
D13,,,NC,,,,,,,,,,,,
D14,,,TCK,,,,,,,,,,,,
D15,,IOBM,IO_L46P_0,UNUSED,,0,,,,,,,,,
D16,,,VCCAUX,,,,,,,,2.5,,,,
D17,,IOBM,IO_L65P_SCP3_0,UNUSED,,0,,,,,,,,,
D18,,,GND,,,,,,,,,,,,
D19,rf1_rxd<6>,IOB,IO_L11P_1,INPUT,LVCMOS33,1,,,,NONE,,LOCATED,NO,NONE,
D20,rf1_rxd<7>,IOB,IO_L11N_1,INPUT,LVCMOS33,1,,,,NONE,,LOCATED,NO,NONE,
D21,,IOBM,IO_L33P_A15_M1A10_1,UNUSED,,1,,,,,,,,,
D22,,IOBS,IO_L33N_A14_M1A4_1,UNUSED,,1,,,,,,,,,
E1,mcb3_dram_ba<1>,IOB,IO_L48N_M3BA1_3,TRISTATE,SSTL18_II,3,,,,,,LOCATED,NO,NONE,
E2,,,GND,,,,,,,,,,,,
E3,mcb3_dram_ba<0>,IOB,IO_L48P_M3BA0_3,TRISTATE,SSTL18_II,3,,,,,,LOCATED,NO,NONE,
E4,,IOBM,IO_L60P_3,UNUSED,,3,,,,,,,,,
E5,,IOBS,IO_L75N_3,UNUSED,,3,,,,,,,,,
E6,,IOBM,IO_L82P_3,UNUSED,,3,,,,,,,,,
E7,,,GND,,,,,,,,,,,,
E8,,,NC,,,,,,,,,,,,
E9,,,VCCO_0,,,0,,,,,3.30,,,,
E10,,IOBS,IO_L38N_VREF_0,UNUSED,,0,,,,,,,,,
E11,,,GND,,,,,,,,,,,,
E12,,,NC,,,,,,,,,,,,
E13,,,VCCO_0,,,0,,,,,3.30,,,,
E14,,,TDO,,,,,,,,,,,,
E15,,,GND,,,,,,,,,,,,
E16,,,TMS,,,,,,,,,,,,
E17,,,VCCO_0,,,0,,,,,3.30,,,,
E18,,,TDI,,,,,,,,,,,,
E19,,,VCCO_1,,,1,,,,,3.30,,,,
E20,rf2_rxd<1>,IOB,IO_L31P_A19_M1CKE_1,INPUT,LVCMOS33,1,,,,NONE,,LOCATED,NO,NONE,
E21,,,GND,,,,,,,,,,,,
E22,rf2_rxd<0>,IOB,IO_L31N_A18_M1A12_1,INPUT,LVCMOS33,1,,,,NONE,,LOCATED,NO,NONE,
F1,mcb3_dram_ck_n,IOB,IO_L46N_M3CLKN_3,TRISTATE,DIFF_SSTL18_II,3,,,,,,LOCATED,NO,NONE,
F2,mcb3_dram_ck,IOB,IO_L46P_M3CLK_3,TRISTATE,DIFF_SSTL18_II,3,,,,,,LOCATED,NO,NONE,
F3,,IOBS,IO_L60N_3,UNUSED,,3,,,,,,,,,
F4,,,VCCO_3,,,3,,,,,1.80,,,,
F5,,IOBM,IO_L75P_3,UNUSED,,3,,,,,,,,,
F6,,,VCCO_3,,,3,,,,,1.80,,,,
F7,,IOBS,IO_L80N_3,UNUSED,,3,,,,,,,,,
F8,,IOBM,IO_L80P_3,UNUSED,,3,,,,,,,,,
F9,,,NC,,,,,,,,,,,,
F10,,IOBM,IO_L38P_0,UNUSED,,0,,,,,,,,,
F11,,,VCCAUX,,,,,,,,2.5,,,,
F12,,,NC,,,,,,,,,,,,
F13,rf1_rxd<2>,IOB,IO_L9P_1,INPUT,LVCMOS33,1,,,,NONE,,LOCATED,NO,NONE,
F14,rf1_rxd<3>,IOB,IO_L9N_1,INPUT,LVCMOS33,1,,,,NONE,,LOCATED,NO,NONE,
F15,rf1_rxd<0>,IOB,IO_L1P_A25_1,INPUT,LVCMOS33,1,,,,NONE,,LOCATED,NO,NONE,
F16,rf1_rxd<1>,IOB,IO_L1N_A24_VREF_1,INPUT,LVCMOS33,1,,,,NONE,,LOCATED,NO,NONE,
F17,rf1_txd<9>,IOB,IO_L15P_1,OUTPUT,LVCMOS33,1,12,SLOW,,,,LOCATED,NO,NONE,
F18,rf1_txd<8>,IOB,IO_L15N_1,OUTPUT,LVCMOS33,1,12,SLOW,,,,LOCATED,NO,NONE,
F19,rf1_txd<3>,IOB,IO_L18P_1,OUTPUT,LVCMOS33,1,12,SLOW,,,,LOCATED,NO,NONE,
F20,rf1_txd<2>,IOB,IO_L18N_1,OUTPUT,LVCMOS33,1,12,SLOW,,,,LOCATED,NO,NONE,
F21,rf2_rxd<5>,IOB,IO_L29P_A23_M1A13_1,INPUT,LVCMOS33,1,,,,NONE,,LOCATED,NO,NONE,
F22,rf2_rxd<4>,IOB,IO_L29N_A22_M1A14_1,INPUT,LVCMOS33,1,,,,NONE,,LOCATED,NO,NONE,
G1,mcb3_dram_a<6>,IOB,IO_L44N_GCLK20_M3A6_3,TRISTATE,SSTL18_II,3,,,,,,LOCATED,NO,NONE,
G2,,,VCCO_3,,,3,,,,,1.80,,,,
G3,mcb3_dram_a<5>,IOB,IO_L44P_GCLK21_M3A5_3,TRISTATE,SSTL18_II,3,,,,,,LOCATED,NO,NONE,
G4,,IOBS,IO_L74N_3,UNUSED,,3,,,,,,,,,
G5,,,GND,,,,,,,,,,,,
G6,,IOBM,IO_L74P_3,UNUSED,,3,,,,,,,,,
G7,,IOBS,IO_L73N_3,UNUSED,,3,,,,,,,,,
G8,,IOBM,IO_L73P_3,UNUSED,,3,,,,,,,,,
G9,,,NC,,,,,,,,,,,,
G10,,,VCCO_0,,,0,,,,,3.30,,,,
G11,,,NC,,,,,,,,,,,,
G12,,,VCCAUX,,,,,,,,2.5,,,,
G13,rf1_txd<0>,IOB,IO_L19N_1,OUTPUT,LVCMOS33,1,12,SLOW,,,,LOCATED,NO,NONE,
G14,,,VCCO_1,,,1,,,,,3.30,,,,
G15,,IOBM,IO_L10P_1,UNUSED,,1,,,,,,,,,
G16,,IOBS,IO_L10N_1,UNUSED,,1,,,,,,,,,
G17,rf1_rxd<10>,IOB,IO_L13P_1,INPUT,LVCMOS33,1,,,,NONE,,LOCATED,NO,NONE,
G18,,,GND,,,,,,,,,,,,
G19,rf1_rxd<11>,IOB,IO_L13N_1,INPUT,LVCMOS33,1,,,,NONE,,LOCATED,NO,NONE,
G20,,IOBM,IO_L32P_A17_M1A8_1,UNUSED,,1,,,,,,,,,
G21,,,VCCO_1,,,1,,,,,3.30,,,,
G22,,IOBS,IO_L32N_A16_M1A9_1,UNUSED,,1,,,,,,,,,
H1,mcb3_dram_dm,IOB,IO_L42N_GCLK24_M3LDM_3,TRISTATE,SSTL18_II,3,,,,,,LOCATED,NO,NONE,
H2,mcb3_dram_udm,IOB,IO_L42P_GCLK25_TRDY2_M3UDM_3,TRISTATE,SSTL18_II,3,,,,,,LOCATED,NO,NONE,
H3,,IOBS,IO_L55N_M3A14_3,UNUSED,,3,,,,,,,,,
H4,,IOBM,IO_L55P_M3A13_3,UNUSED,,3,,,,,,,,,
H5,,IOBS,IO_L57N_VREF_3,VREF Required,,3,,,,,0.90,,,,
H6,,IOBM,IO_L57P_3,UNUSED,,3,,,,,,,,,
H7,,,GND,,,,,,,,,,,,
H8,,IOBM,IO_L58P_3,UNUSED,,3,,,,,,,,,
H9,,,VCCAUX,,,,,,,,2.5,,,,
H10,,,NC,,,,,,,,,,,,
H11,,,NC,,,,,,,,,,,,
H12,rf1_txd<1>,IOB,IO_L19P_1,OUTPUT,LVCMOS33,1,12,SLOW,,,,LOCATED,NO,NONE,
H13,rf2_rxd<9>,IOB,IO_L21P_1,INPUT,LVCMOS33,1,,,,NONE,,LOCATED,NO,NONE,
H14,rf2_rxd<8>,IOB,IO_L21N_1,INPUT,LVCMOS33,1,,,,NONE,,LOCATED,NO,NONE,
H15,,,VCCAUX,,,,,,,,2.5,,,,
H16,rf2_rxd<10>,IOB,IO_L20N_1,INPUT,LVCMOS33,1,,,,NONE,,LOCATED,NO,NONE,
H17,,IOBM,IO_L17P_1,UNUSED,,1,,,,,,,,,
H18,,IOBS,IO_L17N_1,UNUSED,,1,,,,,,,,,
H19,rf2_rxd<3>,IOB,IO_L30P_A21_M1RESET_1,INPUT,LVCMOS33,1,,,,NONE,,LOCATED,NO,NONE,
H20,rf2_rxd<2>,IOB,IO_L30N_A20_M1A11_1,INPUT,LVCMOS33,1,,,,NONE,,LOCATED,NO,NONE,
H21,,IOBM,IO_L34P_A13_M1WE_1,UNUSED,,1,,,,,,,,,
H22,rf2_txd<11>,IOB,IO_L34N_A12_M1BA2_1,OUTPUT,LVCMOS33,1,12,SLOW,,,,LOCATED,NO,NONE,
J1,mcb3_dram_dq<5>,IOB,IO_L41N_GCLK26_M3DQ5_3,BIDIR,SSTL18_II,3,,,,NONE,,LOCATED,NO,NONE,
J2,,,GND,,,,,,,,,,,,
J3,mcb3_dram_dq<4>,IOB,IO_L41P_GCLK27_M3DQ4_3,BIDIR,SSTL18_II,3,,,,NONE,,LOCATED,NO,NONE,
J4,mcb3_dram_a<12>,IOB,IO_L53N_M3A12_3,TRISTATE,SSTL18_II,3,,,,,,LOCATED,NO,NONE,
J5,,,VCCO_3,,,3,,,,,1.80,,,,
J6,mcb3_dram_cke,IOB,IO_L53P_M3CKE_3,TRISTATE,SSTL18_II,3,,,,,,LOCATED,NO,NONE,
J7,,IOBS,IO_L58N_3,UNUSED,,3,,,,,,,,,
J8,,,VCCINT,,,,,,,,1.2,,,,
J9,,,GND,,,,,,,,,,,,
J10,,,VCCINT,,,,,,,,1.2,,,,
J11,,,GND,,,,,,,,,,,,
J12,,,VCCINT,,,,,,,,1.2,,,,
J13,,,GND,,,,,,,,,,,,
J14,,,VCCINT,,,,,,,,1.2,,,,
J15,,,GND,,,,,,,,,,,,
J16,rf2_rxd<11>,IOB,IO_L20P_1,INPUT,LVCMOS33,1,,,,NONE,,LOCATED,NO,NONE,
J17,rf2_txd<7>,IOB,IO_L38P_A5_M1CLK_1,OUTPUT,LVCMOS33,1,12,SLOW,,,,LOCATED,NO,NONE,
J18,,,VCCO_1,,,1,,,,,3.30,,,,
J19,rf2_txd<8>,IOB,IO_L38N_A4_M1CLKN_1,OUTPUT,LVCMOS33,1,12,SLOW,,,,LOCATED,NO,NONE,
J20,,,GND,,,,,,,,,,,,
J21,rf2_txd<9>,IOB,IO_L39P_M1A3_1,OUTPUT,LVCMOS33,1,12,SLOW,,,,LOCATED,NO,NONE,
J22,rf2_txd<10>,IOB,IO_L39N_M1ODT_1,OUTPUT,LVCMOS33,1,12,SLOW,,,,LOCATED,NO,NONE,
K1,mcb3_dram_dq<7>,IOB,IO_L40N_M3DQ7_3,BIDIR,SSTL18_II,3,,,,NONE,,LOCATED,NO,NONE,
K2,mcb3_dram_dq<6>,IOB,IO_L40P_M3DQ6_3,BIDIR,SSTL18_II,3,,,,NONE,,LOCATED,NO,NONE,
K3,mcb3_dram_a<2>,IOB,IO_L49N_M3A2_3,TRISTATE,SSTL18_II,3,,,,,,LOCATED,NO,NONE,
K4,mcb3_dram_a<7>,IOB,IO_L49P_M3A7_3,TRISTATE,SSTL18_II,3,,,,,,LOCATED,NO,NONE,
K5,mcb3_dram_a<4>,IOB,IO_L51N_M3A4_3,TRISTATE,SSTL18_II,3,,,,,,LOCATED,NO,NONE,
K6,mcb3_dram_a<10>,IOB,IO_L51P_M3A10_3,TRISTATE,SSTL18_II,3,,,,,,LOCATED,NO,NONE,
K7,,IOBS,IO_L59N_3,UNUSED,,3,,,,,,,,,
K8,,IOBM,IO_L59P_3,UNUSED,,3,,,,,,,,,
K9,,,VCCINT,,,,,,,,1.2,,,,
K10,,,GND,,,,,,,,,,,,
K11,,,VCCINT,,,,,,,,1.2,,,,
K12,,,GND,,,,,,,,,,,,
K13,,,VCCINT,,,,,,,,1.2,,,,
K14,,,GND,,,,,,,,,,,,
K15,,,VCCAUX,,,,,,,,2.5,,,,
K16,rf2_rxd<6>,IOB,IO_L28N_VREF_1,INPUT,LVCMOS33,1,,,,NONE,,LOCATED,NO,NONE,
K17,rf2_txd<0>,IOB,IO_L40N_GCLK10_M1A6_1,OUTPUT,LVCMOS33,1,12,SLOW,,,,LOCATED,NO,NONE,
K18,rf2_txd<3>,IOB,IO_L36P_A9_M1BA0_1,OUTPUT,LVCMOS33,1,12,SLOW,,,,LOCATED,NO,NONE,
K19,,IOBS,IO_L36N_A8_M1BA1_1,UNUSED,,1,,,,,,,,,
K20,,IOBS,IO_L42N_GCLK6_TRDY1_M1LDM_1,UNUSED,,1,,,,,,,,,
K21,rf_Ism_nTxSelect,IOB,IO_L44P_A3_M1DQ6_1,OUTPUT,LVCMOS33,1,12,SLOW,,,,LOCATED,NO,NONE,
K22,rf1_txd<4>,IOB,IO_L44N_A2_M1DQ7_1,OUTPUT,LVCMOS33,1,12,SLOW,,,,LOCATED,NO,NONE,
L1,mcb3_dram_dqs_n,IOB,IO_L39N_M3LDQSN_3,TRISTATE,DIFF_SSTL18_II,3,,,PULLUP,,,LOCATED,NO,NONE,
L2,,,VCCO_3,,,3,,,,,1.80,,,,
L3,mcb3_dram_dqs,IOB,IO_L39P_M3LDQS_3,BIDIR,DIFF_SSTL18_II,3,,,PULLDOWN,NONE,,LOCATED,NO,NONE,
L4,mcb3_dram_a<1>,IOB,IO_L47N_M3A1_3,TRISTATE,SSTL18_II,3,,,,,,LOCATED,NO,NONE,
L5,,,GND,,,,,,,,,,,,
L6,,IOBS,IO_L31N_VREF_3,VREF Required,,3,,,,,0.90,,,,
L7,,,VCCO_3,,,3,,,,,1.80,,,,
L8,,,VCCAUX,,,,,,,,2.5,,,,
L9,,,GND,,,,,,,,,,,,
L10,,,VCCINT,,,,,,,,1.2,,,,
L11,,,GND,,,,,,,,,,,,
L12,,,VCCINT,,,,,,,,1.2,,,,
L13,,,GND,,,,,,,,,,,,
L14,,,VCCINT,,,,,,,,1.2,,,,
L15,rf2_rxd<7>,IOB,IO_L28P_1,INPUT,LVCMOS33,1,,,,NONE,,LOCATED,NO,NONE,
L16,,,VCCO_1,,,1,,,,,3.30,,,,
L17,rf_Gps_DcBiasSelect,IOB,IO_L40P_GCLK11_M1A5_1,OUTPUT,LVCMOS33,1,12,SLOW,,,,LOCATED,NO,NONE,
L18,,,GND,,,,,,,,,,,,
L19,clkref2,IOB,IO_L42P_GCLK7_M1UDM_1,INPUT,LVCMOS33,1,,,,NONE,,LOCATED,NO,NONE,
L20,rf2_rxiqsel,IOB,IO_L43P_GCLK5_M1DQ4_1,INPUT,LVCMOS33,1,,,,NONE,,LOCATED,NO,NONE,
L21,,,VCCO_1,,,1,,,,,3.30,,,,
L22,rf1_rxiqsel,IOB,IO_L43N_GCLK4_M1DQ5_1,INPUT,LVCMOS33,1,,,,NONE,,LOCATED,NO,NONE,
M1,mcb3_dram_dq<3>,IOB,IO_L38N_M3DQ3_3,BIDIR,SSTL18_II,3,,,,NONE,,LOCATED,NO,NONE,
M2,mcb3_dram_dq<2>,IOB,IO_L38P_M3DQ2_3,BIDIR,SSTL18_II,3,,,,NONE,,LOCATED,NO,NONE,
M3,mcb3_dram_odt,IOB,IO_L45N_M3ODT_3,TRISTATE,SSTL18_II,3,,,,,,LOCATED,NO,NONE,
M4,mcb3_dram_a<3>,IOB,IO_L45P_M3A3_3,TRISTATE,SSTL18_II,3,,,,,,LOCATED,NO,NONE,
M5,mcb3_dram_a<0>,IOB,IO_L47P_M3A0_3,TRISTATE,SSTL18_II,3,,,,,,LOCATED,NO,NONE,
M6,,IOBM,IO_L31P_3,UNUSED,,3,,,,,,,,,
M7,,IOBS,IO_L25N_3,UNUSED,,3,,,,,,,,,
M8,,IOBM,IO_L25P_3,UNUSED,,3,,,,,,,,,
M9,,,VCCINT,,,,,,,,1.2,,,,
M10,,,GND,,,,,,,,,,,,
M11,,,VCCINT,,,,,,,,1.2,,,,
M12,,,GND,,,,,,,,,,,,
M13,,,VCCINT,,,,,,,,1.2,,,,
M14,,,GND,,,,,,,,,,,,
M15,,,VCCAUX,,,,,,,,2.5,,,,
M16,rf2_txd<4>,IOB,IO_L58P_1,OUTPUT,LVCMOS33,1,12,SLOW,,,,LOCATED,NO,NONE,
M17,,IOBS,IO_L58N_1,UNUSED,,1,,,,,,,,,
M18,clkref3,IOB,IO_L41P_GCLK9_IRDY1_M1RASN_1,INPUT,LVCMOS33,1,,,,NONE,,LOCATED,NO,NONE,
M19,clkref1,IOB,IO_L41N_GCLK8_M1CASN_1,INPUT,LVCMOS33,1,,,,NONE,,LOCATED,NO,NONE,
M20,,IOBS,IO_L46N_FOE_B_M1DQ3_1,UNUSED,,1,,,,,,,,,
M21,rf1_rxd<4>,IOB,IO_L45P_A1_M1LDQS_1,INPUT,LVCMOS33,1,,,,NONE,,LOCATED,NO,NONE,
M22,rf1_txd<5>,IOB,IO_L45N_A0_M1LDQSN_1,OUTPUT,LVCMOS33,1,12,SLOW,,,,LOCATED,NO,NONE,
N1,mcb3_dram_dq<1>,IOB,IO_L37N_M3DQ1_3,BIDIR,SSTL18_II,3,,,,NONE,,LOCATED,NO,NONE,
N2,,,GND,,,,,,,,,,,,
N3,mcb3_dram_dq<0>,IOB,IO_L37P_M3DQ0_3,BIDIR,SSTL18_II,3,,,,NONE,,LOCATED,NO,NONE,
N4,mcb3_dram_ras_n,IOB,IO_L43P_GCLK23_M3RASN_3,TRISTATE,SSTL18_II,3,,,,,,LOCATED,NO,NONE,
N5,,,VCCO_3,,,3,,,,,1.80,,,,
N6,,IOBS,IO_L24N_3,UNUSED,,3,,,,,,,,,
N7,,IOBM,IO_L24P_3,UNUSED,,3,,,,,,,,,
N8,,,VCCAUX,,,,,,,,2.5,,,,
N9,,,GND,,,,,,,,,,,,
N10,,,VCCINT,,,,,,,,1.2,,,,
N11,,,GND,,,,,,,,,,,,
N12,,,VCCINT,,,,,,,,1.2,,,,
N13,,,GND,,,,,,,,,,,,
N14,,,VCCINT,,,,,,,,1.2,,,,
N15,,IOBM,IO_L60P_1,UNUSED,,1,,,,,,,,,
N16,,IOBS,IO_L60N_1,UNUSED,,1,,,,,,,,,
N17,,,GND,,,,,,,,,,,,
N18,,,VCCO_1,,,1,,,,,3.30,,,,
N19,,IOBM,IO_L46P_FCS_B_M1DQ2_1,UNUSED,,1,,,,,,,,,
N20,rf_Ism_nExtSelect,IOB,IO_L47P_FWE_B_M1DQ0_1,OUTPUT,LVCMOS33,1,12,SLOW,,,,LOCATED,NO,NONE,
N21,,,GND,,,,,,,,,,,,
N22,rf_Gps_nExtSelect,IOB,IO_L47N_LDC_M1DQ1_1,OUTPUT,LVCMOS33,1,12,SLOW,,,,LOCATED,NO,NONE,
P1,mcb3_dram_dq<9>,IOB,IO_L36N_M3DQ9_3,BIDIR,SSTL18_II,3,,,,NONE,,LOCATED,NO,NONE,
P2,mcb3_dram_dq<8>,IOB,IO_L36P_M3DQ8_3,BIDIR,SSTL18_II,3,,,,NONE,,LOCATED,NO,NONE,
P3,mcb3_dram_cas_n,IOB,IO_L43N_GCLK22_IRDY2_M3CASN_3,TRISTATE,SSTL18_II,3,,,,,,LOCATED,NO,NONE,
P4,,IOBM,IO_L21P_3,UNUSED,,3,,,,,,,,,
P5,,IOBS,IO_L22N_3,UNUSED,,3,,,,,,,,,
P6,,IOBM,IO_L22P_3,UNUSED,,3,,,,,,,,,
P7,,IOBS,IO_L23N_3,UNUSED,,3,,,,,,,,,
P8,,IOBM,IO_L23P_3,UNUSED,,3,,,,,,,,,
P9,,,VCCINT,,,,,,,,1.2,,,,
P10,,,GND,,,,,,,,,,,,
P11,,,VCCINT,,,,,,,,1.2,,,,
P12,,,GND,,,,,,,,,,,,
P13,,,VCCINT,,,,,,,,1.2,,,,
P14,,,GND,,,,,,,,,,,,
P15,rf2_txen,IOB,IO_L62P_1,OUTPUT,LVCMOS33,1,12,SLOW,,,,LOCATED,NO,NONE,
P16,rf2_txclk,IOB,IO_L62N_1,OUTPUT,LVCMOS33,1,12,SLOW,,,,LOCATED,YES,NONE,
P17,rf1_rxclk,IOB,IO_L66P_1,OUTPUT,LVCMOS33,1,12,SLOW,,,,LOCATED,YES,NONE,
P18,,IOBS,IO_L66N_1,UNUSED,,1,,,,,,,,,
P19,rf1_txiqsel,IOB,IO_L64P_1,OUTPUT,LVCMOS33,1,12,SLOW,,,,LOCATED,NO,NONE,
P20,rf1_txen,IOB,IO_L64N_1,OUTPUT,LVCMOS33,1,12,SLOW,,,,LOCATED,NO,NONE,
P21,rf_Wb2_RxSelect,IOB,IO_L48P_HDC_M1DQ8_1,OUTPUT,LVCMOS33,1,12,SLOW,,,,LOCATED,NO,NONE,
P22,,IOBS,IO_L48N_M1DQ9_1,UNUSED,,1,,,,,,,,,
R1,mcb3_dram_dq<11>,IOB,IO_L35N_M3DQ11_3,BIDIR,SSTL18_II,3,,,,NONE,,LOCATED,NO,NONE,
R2,,,VCCO_3,,,3,,,,,1.80,,,,
R3,mcb3_dram_dq<10>,IOB,IO_L35P_M3DQ10_3,BIDIR,SSTL18_II,3,,,,NONE,,LOCATED,NO,NONE,
R4,,IOBS,IO_L21N_3,UNUSED,,3,,,,,,,,,
R5,,,GND,,,,,,,,,,,,
R6,,,VCCAUX,,,,,,,,2.5,,,,
R7,,IOBS,IO_L11N_3,UNUSED,,3,,,,,,,,,
R8,,,NC,,,,,,,,,,,,
R9,,,NC,,,,,,,,,,,,
R10,,,VCCAUX,,,,,,,,2.5,,,,
R11,fx3_data<6>,IOB,IO_L43P_2,TRISTATE,LVCMOS18,2,12,SLOW,,,,LOCATED,NO,NONE,
R12,,,VCCAUX,,,,,,,,2.5,,,,
R13,,,NC,,,,,,,,,,,,
R14,,,VCCINT,,,,,,,,1.2,,,,
R15,,IOBM,IO_L68P_1,UNUSED,,1,,,,,,,,,
R16,led_3,IOB,IO_L68N_1,OUTPUT,LVCMOS33,1,12,SLOW,,,,LOCATED,NO,NONE,
R17,led_2,IOB,IO_L70P_1,OUTPUT,LVCMOS33,1,12,SLOW,,,,LOCATED,NO,NONE,
R18,,,GND,,,,,,,,,,,,
R19,led_1,IOB,IO_L70N_1,OUTPUT,LVCMOS33,1,12,SLOW,,,,LOCATED,NO,NONE,
R20,rf_Ism_TxSelect,IOB,IO_L49P_M1DQ10_1,OUTPUT,LVCMOS33,1,12,SLOW,,,,LOCATED,NO,NONE,
R21,,,VCCO_1,,,1,,,,,3.30,,,,
R22,rf_Ism_ExtSelect,IOB,IO_L49N_M1DQ11_1,OUTPUT,LVCMOS33,1,12,SLOW,,,,LOCATED,NO,NONE,
T1,mcb3_dram_udqs_n,IOB,IO_L34N_M3UDQSN_3,TRISTATE,DIFF_SSTL18_II,3,,,PULLUP,,,LOCATED,NO,NONE,
T2,mcb3_dram_udqs,IOB,IO_L34P_M3UDQS_3,BIDIR,DIFF_SSTL18_II,3,,,PULLDOWN,NONE,,LOCATED,NO,NONE,
T3,,IOBS,IO_L26N_3,UNUSED,,3,,,,,,,,,
T4,,IOBM,IO_L26P_3,UNUSED,,3,,,,,,,,,
T5,,,NC,,,,,,,,,,,,
T6,,,NC,,,,,,,,,,,,
T7,,IOBS,IO_L10N_3,UNUSED,,3,,,,,,,,,
T8,,IOBM,IO_L11P_3,UNUSED,,3,,,,,,,,,
T9,,,VCCO_2,,,2,,,,,1.80,,,,
T10,fx3_data<7>,IOB,IO_L45P_2,TRISTATE,LVCMOS18,2,12,SLOW,,,,LOCATED,NO,NONE,
T11,fx3_data<21>,IOB,IO_L43N_2,TRISTATE,LVCMOS18,2,12,SLOW,,,,LOCATED,NO,NONE,
T12,,,NC,,,,,,,,,,,,
T13,,,VCCO_2,,,2,,,,,1.80,,,,
T14,fx3_data<26>,IOB,IO_L20P_2,TRISTATE,LVCMOS18,2,12,SLOW,,,,LOCATED,NO,NONE,
T15,,,CMPCS_B_2,,,,,,,,,,,,
T16,,,NC,,,,,,,,,,,,
T17,,IOBM,IO_L72P_1,UNUSED,,1,,,,,,,,,
T18,,IOBS,IO_L72N_1,UNUSED,,1,,,,,,,,,
T19,,IOBM,IO_L74P_AWAKE_1,UNUSED,,1,,,,,,,,,
T20,rf1_rxd<5>,IOB,IO_L74N_DOUT_BUSY_1,INPUT,LVCMOS33,1,,,,NONE,,LOCATED,NO,NONE,
T21,rf_Gps_ExtSelect,IOB,IO_L50P_M1UDQS_1,OUTPUT,LVCMOS33,1,12,SLOW,,,,LOCATED,NO,NONE,
T22,,IOBS,IO_L50N_M1UDQSN_1,UNUSED,,1,,,,,,,,,
U1,mcb3_dram_dq<13>,IOB,IO_L33N_M3DQ13_3,BIDIR,SSTL18_II,3,,,,NONE,,LOCATED,NO,NONE,
U2,,,GND,,,,,,,,,,,,
U3,mcb3_dram_dq<12>,IOB,IO_L33P_M3DQ12_3,BIDIR,SSTL18_II,3,,,,NONE,,LOCATED,NO,NONE,
U4,,IOBM,IO_L18P_3,UNUSED,,3,,,,,,,,,
U5,,,VCCO_3,,,3,,,,,1.80,,,,
U6,,IOBM,IO_L13P_3,UNUSED,,3,,,,,,,,,
U7,,,GND,,,,,,,,,,,,
U8,,IOBM,IO_L10P_3,UNUSED,,3,,,,,,,,,
U9,fx3_data<8>,IOB,IO_L46P_2,TRISTATE,LVCMOS18,2,12,SLOW,,,,LOCATED,NO,NONE,
U10,fx3_data<22>,IOB,IO_L45N_2,TRISTATE,LVCMOS18,2,12,SLOW,,,,LOCATED,NO,NONE,
U11,,,VCCAUX,,,,,,,,2.5,,,,
U12,,,NC,,,,,,,,,,,,
U13,,,NC,,,,,,,,,,,,
U14,fx3_nSlOe,IOB,IO_L20N_2,OUTPUT,LVCMOS18,2,12,SLOW,,,,LOCATED,NO,NONE,
U15,,IOBM,IO_L13P_M1_2,UNUSED,,2,,,,,,PROHIBITED,,,
U16,,,DONE_2,,,,,,,,,,,,
U17,,,NC,,,,,,,,,,,,
U18,,,VCCO_1,,,1,,,,,3.30,,,,
U19,,,NC,,,,,,,,,,,,
U20,rf_Wb2_nRxSelect,IOB,IO_L51P_M1DQ12_1,OUTPUT,LVCMOS33,1,12,SLOW,,,,LOCATED,NO,NONE,
U21,,,GND,,,,,,,,,,,,
U22,rf_Wb1_nRxSelect,IOB,IO_L51N_M1DQ13_1,OUTPUT,LVCMOS33,1,12,SLOW,,,,LOCATED,NO,NONE,
V1,mcb3_dram_dq<15>,IOB,IO_L32N_M3DQ15_3,BIDIR,SSTL18_II,3,,,,NONE,,LOCATED,NO,NONE,
V2,mcb3_dram_dq<14>,IOB,IO_L32P_M3DQ14_3,BIDIR,SSTL18_II,3,,,,NONE,,LOCATED,NO,NONE,
V3,,IOBS,IO_L18N_3,UNUSED,,3,,,,,,,,,
V4,,,GND,,,,,,,,,,,,
V5,,IOBS,IO_L13N_3,UNUSED,,3,,,,,,,,,
V6,,,VCCAUX,,,,,,,,2.5,,,,
V7,fx3_data<10>,IOB,IO_L50P_2,TRISTATE,LVCMOS18,2,12,SLOW,,,,LOCATED,NO,NONE,
V8,,,VCCO_2,,,2,,,,,1.80,,,,
V9,fx3_data<23>,IOB,IO_L46N_2,TRISTATE,LVCMOS18,2,12,SLOW,,,,LOCATED,NO,NONE,
V10,,,GND,,,,,,,,,,,,
V11,fx3_data<29>,IOB,IO_L44P_2,TRISTATE,LVCMOS18,2,12,SLOW,,,,LOCATED,NO,NONE,
V12,,,VCCO_2,,,2,,,,,1.80,,,,
V13,fx3_data<2>,IOB,IO_L12P_D1_MISO2_2,TRISTATE,LVCMOS18,2,12,SLOW,,,,LOCATED,NO,NONE,
V14,,,GND,,,,,,,,,,,,
V15,fx3_nPktEnd,IOB,IO_L13N_D10_2,OUTPUT,LVCMOS18,2,12,SLOW,,,,LOCATED,NO,NONE,
V16,,,VCCO_2,,,2,,,,,1.80,,,,
V17,,IOBM,IO_L73P_1,UNUSED,,1,,,,,,,,,
V18,,IOBS,IO_L73N_1,UNUSED,,1,,,,,,,,,
V19,led_0,IOB,IO_L71P_1,OUTPUT,LVCMOS33,1,12,SLOW,,,,LOCATED,NO,NONE,
V20,,IOBS,IO_L71N_1,UNUSED,,1,,,,,,,,,
V21,,IOBM,IO_L52P_M1DQ14_1,UNUSED,,1,,,,,,,,,
V22,,IOBS,IO_L52N_M1DQ15_1,UNUSED,,1,,,,,,,,,
W1,,IOBS,IO_L9N_3,UNUSED,,3,,,,,,,,,
W2,,,VCCO_3,,,3,,,,,1.80,,,,
W3,mcb3_zio,IOB,IO_L9P_3,BIDIR,SSTL18_II,3,,,,NONE,,LOCATED,NO,NONE,
W4,,IOBM,IO_L7P_3,UNUSED,,3,,,,,,,,,
W5,,,VCCO_3,,,3,,,,,1.80,,,,
W6,,IOBM,IO_L62P_D5_2,UNUSED,,2,,,,,,,,,
W7,,,GND,,,,,,,,,,,,
W8,fx3_data<25>,IOB,IO_L50N_2,TRISTATE,LVCMOS18,2,12,SLOW,,,,LOCATED,NO,NONE,
W9,,IOBM,IO_L47P_2,UNUSED,,2,,,,,,,,,
W10,fx3_addr<1>,IOB,IO_L44N_2,OUTPUT,LVCMOS18,2,12,SLOW,,,,LOCATED,NO,NONE,
W11,c3_sys_clk,IOB,IO_L29P_GCLK3_2,INPUT,LVCMOS25*,2,,,,NONE,,LOCATED,NO,NONE,
W12,fx3_data<28>,IOB,IO_L42P_2,TRISTATE,LVCMOS18,2,12,SLOW,,,,LOCATED,NO,NONE,
W13,fx3_data<15>,IOB,IO_L12N_D2_MISO3_2,TRISTATE,LVCMOS18,2,12,SLOW,,,,LOCATED,NO,NONE,
W14,fx3_data<4>,IOB,IO_L16P_2,TRISTATE,LVCMOS18,2,12,SLOW,,,,LOCATED,NO,NONE,
W15,fx3_data<3>,IOB,IO_L14P_D11_2,TRISTATE,LVCMOS18,2,12,SLOW,,,,LOCATED,NO,NONE,
W16,,,GND,,,,,,,,,,,,
W17,,IOBM,IO_L1P_CCLK_2,UNUSED,,2,,,,,,PROHIBITED,,,
W18,,,SUSPEND,,,,,,,,,,,,
W19,,,GND,,,,,,,,,,,,
W20,rf_Wb1_RxSelect,IOB,IO_L53P_1,OUTPUT,LVCMOS33,1,12,SLOW,,,,LOCATED,NO,NONE,
W21,,,VCCO_1,,,1,,,,,3.30,,,,
W22,,IOBS,IO_L53N_VREF_1,UNUSED,,1,,,,,,,,,
Y1,,IOBS,IO_L2N_3,UNUSED,,3,,,,,,,,,
Y2,mcb3_rzq,IOB,IO_L2P_3,BIDIR,SSTL18_II,3,,,,NONE,,LOCATED,NO,NONE,
Y3,,IOBM,IO_L8P_3,UNUSED,,3,,,,,,,,,
Y4,,IOBS,IO_L7N_3,UNUSED,,3,,,,,,,,,
Y5,,IOBM,IO_L65P_INIT_B_2,UNUSED,,2,,,,,,PROHIBITED,,,
Y6,,IOBS,IO_L62N_D6_2,UNUSED,,2,,,,,,,,,
Y7,fx3_data<11>,IOB,IO_L63P_2,TRISTATE,LVCMOS18,2,12,SLOW,,,,LOCATED,NO,NONE,
Y8,,IOBS,IO_L47N_2,UNUSED,,2,,,,,,,,,
Y9,fx3_data<9>,IOB,IO_L48P_D7_2,TRISTATE,LVCMOS18,2,12,SLOW,,,,LOCATED,NO,NONE,
Y10,fx3_data<30>,IOB,IO_L29N_GCLK2_2,TRISTATE,LVCMOS18,2,12,SLOW,,,,LOCATED,NO,NONE,
Y11,fx3_data<27>,IOB,IO_L31P_GCLK31_D14_2,TRISTATE,LVCMOS18,2,12,SLOW,,,,LOCATED,NO,NONE,
Y12,fx3_addr<0>,IOB,IO_L42N_2,OUTPUT,LVCMOS18,2,12,SLOW,,,,LOCATED,NO,NONE,
Y13,fx3_data<5>,IOB,IO_L41P_2,TRISTATE,LVCMOS18,2,12,SLOW,,,,LOCATED,NO,NONE,
Y14,fx3_data<17>,IOB,IO_L16N_VREF_2,TRISTATE,LVCMOS18,2,12,SLOW,,,,LOCATED,NO,NONE,
Y15,,IOBM,IO_L5P_2,UNUSED,,2,,,,,,,,,
Y16,fx3_data<16>,IOB,IO_L14N_D12_2,TRISTATE,LVCMOS18,2,12,SLOW,,,,LOCATED,NO,NONE,
Y17,,IOBM,IO_L3P_D0_DIN_MISO_MISO1_2,UNUSED,,2,,,,,,PROHIBITED,,,
Y18,,IOBS,IO_L1N_M0_CMPMISO_2,UNUSED,,2,,,,,,PROHIBITED,,,
Y19,,IOBM,IO_L67P_1,UNUSED,,1,,,,,,,,,
Y20,,IOBS,IO_L67N_1,UNUSED,,1,,,,,,,,,
Y21,,IOBM,IO_L59P_1,UNUSED,,1,,,,,,,,,
Y22,,IOBS,IO_L59N_1,UNUSED,,1,,,,,,,,,

# -----,-----,-----,-----,-----,-----,-----,-----,-----,-----,-----,-----,-----,-----,-----,
# 
#* Default value.
#** This default Pullup/Pulldown value can be overridden in Bitgen. 
#****** Special VCCO requirements may apply. Please consult the device 
#       family datasheet for specific guideline on VCCO requirements. 
#
#
#